id,post_type,content,sender,recipient,post_time,visible
1,Story,No problem.,609,all,2023-02-25 10:52:30,TRUE
2,Message,How's it going?,486,272,2023-02-25 04:39:27,false
3,Message,Let's go.,319,168,2023-02-25 03:35:54,false
4,Message,Let's go.,110,956,2023-02-25 18:51:25,true
5,Message,Thank you.,956,402,2023-02-25 05:50:49,false
6,Message,Nice to meet you.,305,783,2023-02-25 04:33:57,true
7,Message,How are you?,851,431,2023-02-25 23:34:57,false
8,Message,I'm sorry.,653,321,2023-02-25 22:21:20,false
9,Story,Nice to meet you.,463,all,2023-02-25 09:18:33,TRUE
10,Story,How's it going?,226,all,2023-02-25 22:18:52,TRUE
11,Message,Have a good day.,223,783,2023-02-25 03:35:32,true
12,Story,I'm sorry.,563,all,2023-02-25 21:05:27,TRUE
13,Story,Thank you.,545,all,2023-02-25 03:19:57,TRUE
14,Story,See you.,511,all,2023-02-25 07:42:19,TRUE
15,Story,Thank you.,668,all,2023-02-25 09:51:44,TRUE
16,Story,How's it going?,605,all,2023-02-25 05:23:50,TRUE
17,Message,How are you?,250,260,2023-02-25 23:24:56,false
18,Story,No problem.,20,all,2023-02-25 08:13:53,TRUE
19,Story,How are you?,869,all,2023-02-25 13:24:24,TRUE
20,Message,Let's go.,517,427,2023-02-25 02:14:57,true
21,Message,I'm sorry.,993,648,2023-02-25 22:40:52,true
22,Story,Thank you.,118,all,2023-02-25 05:11:24,TRUE
23,Story,How's it going?,17,all,2023-02-25 23:13:46,TRUE
24,Message,Have a good day.,88,839,2023-02-25 22:02:00,false
25,Message,Thank you.,314,638,2023-02-25 11:57:38,true
26,Message,How are you?,514,260,2023-02-25 02:44:37,true
27,Story,How are you?,24,all,2023-02-25 05:40:32,TRUE
28,Story,I'm sorry.,603,all,2023-02-25 04:29:00,TRUE
29,Story,See you.,650,all,2023-02-25 21:15:30,TRUE
30,Story,Let's go.,20,all,2023-02-25 21:15:44,TRUE
31,Story,How are you?,466,all,2023-02-25 19:04:15,TRUE
32,Story,I'm sorry.,301,all,2023-02-25 19:19:29,TRUE
33,Story,See you.,828,all,2023-02-25 03:56:41,TRUE
34,Message,See you.,492,943,2023-02-25 23:17:42,true
35,Message,Nice to meet you.,962,177,2023-02-25 22:51:21,true
36,Story,See you.,473,all,2023-02-25 16:57:00,TRUE
37,Story,Let's go.,928,all,2023-02-25 16:36:33,TRUE
38,Message,See you.,140,473,2023-02-25 16:30:56,true
39,Message,See you.,478,315,2023-02-25 01:42:43,true
40,Story,Have a good day.,269,all,2023-02-25 17:52:41,TRUE
41,Message,Let's go.,554,201,2023-02-25 18:30:28,false
42,Message,Let's go.,19,647,2023-02-25 13:33:21,false
43,Story,Have a good day.,311,all,2023-02-25 11:26:56,TRUE
44,Message,See you.,867,899,2023-02-25 20:49:21,true
45,Message,Thank you.,646,451,2023-02-25 06:23:48,false
46,Message,Nice to meet you.,298,825,2023-02-25 05:00:52,false
47,Story,No problem.,987,all,2023-02-25 10:54:29,TRUE
48,Message,I'm sorry.,222,378,2023-02-25 08:48:04,true
49,Story,How are you?,89,all,2023-02-25 06:13:05,TRUE
50,Story,How are you?,460,all,2023-02-25 09:48:19,TRUE
51,Message,Have a good day.,382,88,2023-02-25 06:25:15,true
52,Story,Have a good day.,694,all,2023-02-25 16:45:46,TRUE
53,Story,See you.,790,all,2023-02-25 07:04:06,TRUE
54,Story,Have a good day.,782,all,2023-02-25 20:57:00,TRUE
55,Story,How are you?,296,all,2023-02-25 06:39:49,TRUE
56,Message,No problem.,505,817,2023-02-25 20:23:59,false
57,Story,Nice to meet you.,532,all,2023-02-25 05:22:17,TRUE
58,Story,How's it going?,824,all,2023-02-25 15:21:53,TRUE
59,Message,How are you?,824,757,2023-02-25 01:08:52,false
60,Story,Nice to meet you.,658,all,2023-02-25 06:09:13,TRUE
61,Message,How are you?,104,350,2023-02-25 00:37:43,true
62,Story,Thank you.,514,all,2023-02-25 01:08:08,TRUE
63,Message,Nice to meet you.,10,434,2023-02-25 00:13:33,true
64,Message,No problem.,787,944,2023-02-25 22:29:16,false
65,Message,Let's go.,113,316,2023-02-25 18:01:52,true
66,Message,Let's go.,98,541,2023-02-25 08:47:13,true
67,Story,Let's go.,626,all,2023-02-25 14:02:05,TRUE
68,Message,See you.,395,23,2023-02-25 07:27:48,false
69,Message,Let's go.,259,276,2023-02-25 15:00:53,false
70,Story,See you.,28,all,2023-02-25 10:56:17,TRUE
71,Story,See you.,414,all,2023-02-25 08:55:14,TRUE
72,Message,See you.,255,937,2023-02-25 01:47:14,true
73,Story,How are you?,204,all,2023-02-25 14:29:53,TRUE
74,Message,No problem.,955,374,2023-02-25 04:38:45,false
75,Message,How's it going?,346,75,2023-02-25 21:21:47,false
76,Message,Nice to meet you.,759,764,2023-02-25 12:16:53,true
77,Message,How's it going?,416,165,2023-02-25 01:20:32,true
78,Message,How's it going?,758,707,2023-02-25 17:36:56,false
79,Story,No problem.,861,all,2023-02-25 03:17:46,TRUE
80,Message,No problem.,263,320,2023-02-25 01:58:48,false
81,Message,See you.,734,570,2023-02-25 07:52:45,false
82,Message,How are you?,253,266,2023-02-25 14:53:30,true
83,Message,Thank you.,136,444,2023-02-25 12:24:51,false
84,Message,See you.,87,509,2023-02-25 15:50:26,true
85,Story,Let's go.,283,all,2023-02-25 12:12:49,TRUE
86,Story,Thank you.,58,all,2023-02-25 05:58:30,TRUE
87,Message,I'm sorry.,734,248,2023-02-25 08:38:25,false
88,Message,No problem.,128,956,2023-02-25 21:08:35,true
89,Message,Nice to meet you.,862,776,2023-02-25 08:32:22,false
90,Message,How are you?,245,804,2023-02-25 08:22:08,false
91,Story,Let's go.,770,all,2023-02-25 23:46:17,TRUE
92,Story,Let's go.,412,all,2023-02-25 23:28:41,TRUE
93,Story,Nice to meet you.,579,all,2023-02-25 12:02:30,TRUE
94,Story,How's it going?,463,all,2023-02-25 21:38:20,TRUE
95,Story,Have a good day.,472,all,2023-02-25 23:04:06,TRUE
96,Story,How are you?,192,all,2023-02-25 03:47:41,TRUE
97,Message,How are you?,128,51,2023-02-25 04:11:37,false
98,Message,I'm sorry.,295,423,2023-02-25 18:37:26,true
99,Story,No problem.,416,all,2023-02-25 10:06:35,TRUE
100,Story,Let's go.,843,all,2023-02-25 19:01:38,TRUE
101,Message,Thank you.,503,744,2023-02-25 19:32:53,true
102,Story,Have a good day.,909,all,2023-02-25 20:26:59,TRUE
103,Story,Have a good day.,85,all,2023-02-25 16:38:56,TRUE
104,Story,See you.,674,all,2023-02-25 20:40:08,TRUE
105,Message,How are you?,640,243,2023-02-25 02:55:52,true
106,Message,How's it going?,783,732,2023-02-25 09:30:51,false
107,Message,Thank you.,733,192,2023-02-25 21:14:02,false
108,Story,Thank you.,595,all,2023-02-25 16:21:04,TRUE
109,Message,How are you?,432,333,2023-02-25 14:53:36,true
110,Story,Thank you.,60,all,2023-02-25 16:12:14,TRUE
111,Message,Thank you.,12,401,2023-02-25 14:24:57,true
112,Message,No problem.,402,382,2023-02-25 02:50:07,true
113,Message,No problem.,446,382,2023-02-25 06:27:55,true
114,Story,Let's go.,831,all,2023-02-25 20:05:34,TRUE
115,Message,See you.,610,850,2023-02-25 17:03:45,true
116,Message,See you.,235,746,2023-02-25 14:46:42,true
117,Story,How are you?,840,all,2023-02-25 07:21:41,TRUE
118,Message,No problem.,819,643,2023-02-25 19:55:46,true
119,Message,I'm sorry.,187,233,2023-02-25 01:55:59,false
120,Message,Thank you.,428,145,2023-02-25 20:37:15,true
121,Story,Have a good day.,354,all,2023-02-25 12:14:44,TRUE
122,Story,No problem.,414,all,2023-02-25 19:22:18,TRUE
123,Message,Have a good day.,97,989,2023-02-25 08:58:47,false
124,Message,How's it going?,553,545,2023-02-25 15:43:01,false
125,Message,Thank you.,27,11,2023-02-25 04:47:43,true
126,Message,Let's go.,491,291,2023-02-25 17:44:43,true
127,Message,Let's go.,141,194,2023-02-25 02:39:12,true
128,Story,How are you?,895,all,2023-02-25 07:04:25,TRUE
129,Story,Nice to meet you.,602,all,2023-02-25 00:51:03,TRUE
130,Message,Let's go.,606,305,2023-02-25 06:32:15,false
131,Story,Thank you.,944,all,2023-02-25 15:38:49,TRUE
132,Story,See you.,129,all,2023-02-25 13:39:17,TRUE
133,Story,I'm sorry.,857,all,2023-02-25 17:54:41,TRUE
134,Message,How are you?,191,423,2023-02-25 16:56:58,true
135,Story,No problem.,933,all,2023-02-25 09:51:22,TRUE
136,Story,See you.,757,all,2023-02-25 19:55:33,TRUE
137,Message,How are you?,811,315,2023-02-25 20:24:47,true
138,Story,See you.,43,all,2023-02-25 05:51:25,TRUE
139,Message,How's it going?,138,514,2023-02-25 14:40:17,true
140,Story,Have a good day.,106,all,2023-02-25 05:57:47,TRUE
141,Story,See you.,518,all,2023-02-25 12:44:37,TRUE
142,Message,How are you?,507,685,2023-02-25 17:30:20,true
143,Story,How are you?,97,all,2023-02-25 13:09:07,TRUE
144,Message,How's it going?,69,925,2023-02-25 18:07:38,true
145,Message,How are you?,392,24,2023-02-25 09:16:19,false
146,Message,See you.,635,311,2023-02-25 09:49:35,false
147,Story,Nice to meet you.,323,all,2023-02-25 09:57:00,TRUE
148,Message,I'm sorry.,210,48,2023-02-25 18:50:49,false
149,Message,Nice to meet you.,157,372,2023-02-25 08:26:34,true
150,Message,Thank you.,175,308,2023-02-25 12:07:41,false
151,Message,Let's go.,58,577,2023-02-25 04:36:16,true
152,Message,Have a good day.,313,26,2023-02-25 05:45:12,true
153,Message,I'm sorry.,476,283,2023-02-25 00:51:11,true
154,Message,I'm sorry.,22,365,2023-02-25 03:11:06,true
155,Message,Nice to meet you.,584,16,2023-02-25 00:17:07,false
156,Message,See you.,327,473,2023-02-25 00:47:37,false
157,Story,No problem.,842,all,2023-02-25 16:10:27,TRUE
158,Story,How are you?,617,all,2023-02-25 02:31:00,TRUE
159,Message,Let's go.,892,436,2023-02-25 06:42:25,false
160,Story,See you.,178,all,2023-02-25 15:24:32,TRUE
161,Message,How's it going?,976,155,2023-02-25 22:26:18,true
162,Message,Thank you.,191,171,2023-02-25 17:50:47,true
163,Story,Thank you.,259,all,2023-02-25 14:52:52,TRUE
164,Message,How's it going?,501,941,2023-02-25 03:21:51,true
165,Story,Let's go.,6,all,2023-02-25 21:26:36,TRUE
166,Story,Thank you.,623,all,2023-02-25 17:13:55,TRUE
167,Message,No problem.,682,961,2023-02-25 06:34:07,false
168,Story,How's it going?,732,all,2023-02-25 16:00:23,TRUE
169,Story,How are you?,689,all,2023-02-25 22:05:08,TRUE
170,Story,Thank you.,226,all,2023-02-25 10:49:53,TRUE
171,Message,Let's go.,371,690,2023-02-25 21:47:11,true
172,Message,Thank you.,690,382,2023-02-25 09:51:26,false
173,Story,Thank you.,555,all,2023-02-25 05:24:34,TRUE
174,Message,Nice to meet you.,58,618,2023-02-25 18:59:25,true
175,Story,Have a good day.,892,all,2023-02-25 08:11:42,TRUE
176,Message,I'm sorry.,117,221,2023-02-25 09:26:01,false
177,Message,See you.,800,858,2023-02-25 22:11:12,true
178,Story,How's it going?,590,all,2023-02-25 13:13:28,TRUE
179,Story,No problem.,360,all,2023-02-25 08:11:01,TRUE
180,Message,I'm sorry.,10,453,2023-02-25 15:38:18,true
181,Message,See you.,783,38,2023-02-25 22:53:37,false
182,Story,Thank you.,858,all,2023-02-25 23:06:14,TRUE
183,Message,I'm sorry.,867,949,2023-02-25 10:02:56,true
184,Message,No problem.,918,566,2023-02-25 10:54:50,false
185,Message,How are you?,714,436,2023-02-25 00:29:45,true
186,Story,Let's go.,237,all,2023-02-25 15:04:14,TRUE
187,Message,How's it going?,971,263,2023-02-25 05:38:12,false
188,Story,See you.,135,all,2023-02-25 17:31:49,TRUE
189,Story,Nice to meet you.,123,all,2023-02-25 11:10:27,TRUE
190,Story,How's it going?,510,all,2023-02-25 06:38:57,TRUE
191,Story,No problem.,694,all,2023-02-25 12:13:21,TRUE
192,Story,Have a good day.,5,all,2023-02-25 00:15:45,TRUE
193,Story,See you.,502,all,2023-02-25 18:47:44,TRUE
194,Message,I'm sorry.,7,491,2023-02-25 13:07:58,true
195,Story,Have a good day.,278,all,2023-02-25 05:04:18,TRUE
196,Story,How are you?,623,all,2023-02-25 05:18:47,TRUE
197,Story,Have a good day.,33,all,2023-02-25 22:34:32,TRUE
198,Story,How are you?,567,all,2023-02-25 00:14:09,TRUE
199,Story,I'm sorry.,874,all,2023-02-25 05:49:25,TRUE
200,Message,Thank you.,258,643,2023-02-25 21:09:21,true
201,Story,See you.,451,all,2023-02-25 22:00:18,TRUE
202,Story,How's it going?,957,all,2023-02-25 14:51:40,TRUE
203,Message,How are you?,266,310,2023-02-25 15:18:28,false
204,Message,How are you?,311,192,2023-02-25 01:58:14,false
205,Message,Let's go.,237,647,2023-02-25 09:24:49,false
206,Message,I'm sorry.,132,900,2023-02-25 16:17:24,false
207,Message,See you.,115,869,2023-02-25 07:18:35,false
208,Story,Have a good day.,729,all,2023-02-25 01:59:28,TRUE
209,Story,I'm sorry.,250,all,2023-02-25 19:52:10,TRUE
210,Story,Let's go.,787,all,2023-02-25 16:06:55,TRUE
211,Story,No problem.,374,all,2023-02-25 02:07:56,TRUE
212,Message,Nice to meet you.,941,433,2023-02-25 20:30:18,false
213,Story,No problem.,134,all,2023-02-25 14:32:34,TRUE
214,Message,Let's go.,501,117,2023-02-25 00:10:36,false
215,Story,No problem.,116,all,2023-02-25 05:29:31,TRUE
216,Message,How's it going?,701,362,2023-02-25 13:13:44,false
217,Story,See you.,544,all,2023-02-25 01:07:02,TRUE
218,Story,I'm sorry.,168,all,2023-02-25 22:46:17,TRUE
219,Story,I'm sorry.,92,all,2023-02-25 06:39:03,TRUE
220,Story,Nice to meet you.,616,all,2023-02-25 05:54:23,TRUE
221,Message,Let's go.,919,614,2023-02-25 03:18:33,true
222,Message,Nice to meet you.,930,956,2023-02-25 23:18:51,false
223,Message,Let's go.,433,394,2023-02-25 18:55:23,false
224,Message,How are you?,373,687,2023-02-25 11:36:40,true
225,Story,Have a good day.,272,all,2023-02-25 19:12:51,TRUE
226,Story,Nice to meet you.,527,all,2023-02-25 11:41:56,TRUE
227,Message,Nice to meet you.,790,770,2023-02-25 14:09:37,true
228,Message,How's it going?,927,122,2023-02-25 21:06:17,false
229,Message,Let's go.,523,142,2023-02-25 15:34:27,true
230,Story,Let's go.,105,all,2023-02-25 20:26:30,TRUE
231,Message,How's it going?,439,786,2023-02-25 10:06:10,true
232,Message,See you.,983,53,2023-02-25 22:07:18,false
233,Message,How's it going?,374,340,2023-02-25 18:40:33,true
234,Story,I'm sorry.,42,all,2023-02-25 14:01:42,TRUE
235,Story,I'm sorry.,353,all,2023-02-25 02:35:26,TRUE
236,Message,See you.,439,728,2023-02-25 22:28:25,true
237,Story,No problem.,681,all,2023-02-25 07:20:53,TRUE
238,Story,I'm sorry.,919,all,2023-02-25 21:39:58,TRUE
239,Story,Let's go.,515,all,2023-02-25 03:35:53,TRUE
240,Message,See you.,455,735,2023-02-25 15:25:26,false
241,Message,How's it going?,710,76,2023-02-25 20:48:58,true
242,Story,Let's go.,299,all,2023-02-25 05:49:32,TRUE
243,Message,How's it going?,526,683,2023-02-25 10:59:05,false
244,Message,Have a good day.,27,808,2023-02-25 05:11:51,true
245,Story,See you.,324,all,2023-02-25 02:19:20,TRUE
246,Message,No problem.,684,37,2023-02-25 01:32:29,true
247,Message,How's it going?,876,101,2023-02-25 23:51:09,false
248,Message,Have a good day.,381,504,2023-02-25 16:30:53,false
249,Story,Have a good day.,860,all,2023-02-25 11:12:16,TRUE
250,Message,Have a good day.,582,729,2023-02-25 06:57:47,false
251,Message,How are you?,653,986,2023-02-25 05:06:04,true
252,Message,How are you?,192,870,2023-02-25 04:46:51,false
253,Story,How are you?,548,all,2023-02-25 14:28:17,TRUE
254,Message,See you.,767,600,2023-02-25 18:18:07,false
255,Message,No problem.,624,615,2023-02-25 12:57:43,false
256,Message,I'm sorry.,651,548,2023-02-25 17:51:01,false
257,Message,See you.,949,129,2023-02-25 10:38:18,false
258,Story,Let's go.,390,all,2023-02-25 08:59:58,TRUE
259,Story,Thank you.,985,all,2023-02-25 00:13:24,TRUE
260,Story,Thank you.,168,all,2023-02-25 03:00:50,TRUE
261,Message,Let's go.,154,783,2023-02-25 02:03:17,false
262,Story,How's it going?,768,all,2023-02-25 08:38:26,TRUE
263,Story,I'm sorry.,340,all,2023-02-25 02:29:13,TRUE
264,Message,Nice to meet you.,405,14,2023-02-25 10:26:40,false
265,Message,Nice to meet you.,854,46,2023-02-25 01:29:45,false
266,Story,Nice to meet you.,723,all,2023-02-25 04:05:37,TRUE
267,Story,Thank you.,488,all,2023-02-25 06:16:39,TRUE
268,Message,Thank you.,128,592,2023-02-25 17:00:43,true
269,Message,See you.,683,960,2023-02-25 12:49:46,true
270,Story,How's it going?,268,all,2023-02-25 11:12:15,TRUE
271,Message,Let's go.,692,108,2023-02-25 10:27:48,false
272,Message,Nice to meet you.,513,438,2023-02-25 09:18:43,true
273,Message,Have a good day.,549,556,2023-02-25 23:01:22,false
274,Message,How are you?,834,61,2023-02-25 20:00:46,true
275,Story,I'm sorry.,246,all,2023-02-25 09:26:30,TRUE
276,Message,No problem.,103,710,2023-02-25 17:03:52,false
277,Message,How are you?,165,43,2023-02-25 18:15:32,true
278,Story,Have a good day.,284,all,2023-02-25 06:35:54,TRUE
279,Story,No problem.,49,all,2023-02-25 01:16:18,TRUE
280,Message,I'm sorry.,698,459,2023-02-25 19:35:45,false
281,Story,How's it going?,604,all,2023-02-25 21:56:10,TRUE
282,Story,I'm sorry.,470,all,2023-02-25 00:53:23,TRUE
283,Message,How's it going?,133,403,2023-02-25 10:01:54,false
284,Message,How are you?,905,968,2023-02-25 09:45:12,true
285,Story,How are you?,267,all,2023-02-25 15:59:09,TRUE
286,Message,See you.,804,913,2023-02-25 12:13:56,true
287,Story,I'm sorry.,51,all,2023-02-25 07:35:30,TRUE
288,Story,How are you?,56,all,2023-02-25 18:41:16,TRUE
289,Story,How are you?,580,all,2023-02-25 23:40:44,TRUE
290,Message,How's it going?,83,22,2023-02-25 14:40:22,true
291,Message,Let's go.,488,55,2023-02-25 05:48:54,true
292,Story,How are you?,378,all,2023-02-25 21:57:18,TRUE
293,Story,How's it going?,470,all,2023-02-25 15:43:37,TRUE
294,Story,Nice to meet you.,786,all,2023-02-25 19:41:09,TRUE
295,Story,Let's go.,676,all,2023-02-25 01:17:31,TRUE
296,Message,No problem.,453,404,2023-02-25 00:26:08,false
297,Message,See you.,888,168,2023-02-25 09:55:38,true
298,Story,Nice to meet you.,502,all,2023-02-25 21:38:40,TRUE
299,Message,Nice to meet you.,365,555,2023-02-25 04:38:54,true
300,Message,I'm sorry.,706,213,2023-02-25 18:45:40,false
301,Story,See you.,502,all,2023-02-25 09:51:16,TRUE
302,Message,Let's go.,839,50,2023-02-25 12:06:40,true
303,Message,No problem.,602,701,2023-02-25 16:56:11,true
304,Message,Nice to meet you.,759,360,2023-02-25 22:24:42,true
305,Message,See you.,140,140,2023-02-25 10:01:21,true
306,Story,Let's go.,840,all,2023-02-25 12:45:00,TRUE
307,Message,How's it going?,352,646,2023-02-25 00:26:06,false
308,Message,Let's go.,746,548,2023-02-25 21:06:03,false
309,Message,Thank you.,276,705,2023-02-25 21:11:11,false
310,Message,I'm sorry.,998,847,2023-02-25 20:10:16,true
311,Message,Nice to meet you.,673,52,2023-02-25 18:06:29,true
312,Story,How are you?,853,all,2023-02-25 13:35:01,TRUE
313,Message,How are you?,634,862,2023-02-25 07:52:10,false
314,Story,No problem.,411,all,2023-02-25 04:42:22,TRUE
315,Message,Have a good day.,71,601,2023-02-25 20:56:15,false
316,Message,Nice to meet you.,110,730,2023-02-25 11:51:45,true
317,Message,See you.,698,161,2023-02-25 13:33:05,true
318,Story,Let's go.,549,all,2023-02-25 10:57:34,TRUE
319,Message,No problem.,396,889,2023-02-25 14:39:43,true
320,Message,How are you?,198,29,2023-02-25 08:27:04,false
321,Message,Nice to meet you.,806,855,2023-02-25 06:34:50,true
322,Story,Thank you.,694,all,2023-02-25 07:59:49,TRUE
323,Message,Nice to meet you.,782,480,2023-02-25 07:08:19,true
324,Message,Thank you.,509,165,2023-02-25 00:20:32,false
325,Story,Nice to meet you.,970,all,2023-02-25 09:38:27,TRUE
326,Story,How's it going?,200,all,2023-02-25 01:27:51,TRUE
327,Story,I'm sorry.,759,all,2023-02-25 19:23:35,TRUE
328,Message,Have a good day.,247,636,2023-02-25 01:02:36,false
329,Story,Thank you.,986,all,2023-02-25 03:02:17,TRUE
330,Story,I'm sorry.,488,all,2023-02-25 13:50:35,TRUE
331,Message,Have a good day.,840,122,2023-02-25 16:35:19,true
332,Message,I'm sorry.,182,957,2023-02-25 02:33:28,false
333,Message,Thank you.,348,439,2023-02-25 11:55:49,true
334,Message,How are you?,924,726,2023-02-25 05:35:28,false
335,Story,I'm sorry.,170,all,2023-02-25 01:18:16,TRUE
336,Story,Nice to meet you.,119,all,2023-02-25 03:21:26,TRUE
337,Message,Have a good day.,898,312,2023-02-25 16:06:47,false
338,Message,How's it going?,196,855,2023-02-25 19:31:47,true
339,Message,I'm sorry.,836,775,2023-02-25 07:09:03,false
340,Message,Thank you.,655,832,2023-02-25 00:50:24,true
341,Message,How's it going?,766,751,2023-02-25 04:52:34,true
342,Message,No problem.,631,606,2023-02-25 02:14:57,true
343,Message,How are you?,56,844,2023-02-25 17:31:09,true
344,Message,See you.,4,905,2023-02-25 04:05:23,false
345,Message,How's it going?,130,346,2023-02-25 10:00:14,true
346,Message,No problem.,821,21,2023-02-25 14:45:16,true
347,Story,How are you?,769,all,2023-02-25 07:40:54,TRUE
348,Story,How's it going?,589,all,2023-02-25 01:23:53,TRUE
349,Story,Nice to meet you.,927,all,2023-02-25 12:52:48,TRUE
350,Story,How's it going?,894,all,2023-02-25 14:09:48,TRUE
351,Story,Let's go.,238,all,2023-02-25 23:12:47,TRUE
352,Message,How's it going?,407,388,2023-02-25 15:36:38,false
353,Story,I'm sorry.,252,all,2023-02-25 16:01:58,TRUE
354,Story,Have a good day.,110,all,2023-02-25 23:51:51,TRUE
355,Story,Thank you.,917,all,2023-02-25 01:59:43,TRUE
356,Story,Have a good day.,521,all,2023-02-25 12:29:17,TRUE
357,Story,Have a good day.,10,all,2023-02-25 11:52:57,TRUE
358,Story,No problem.,378,all,2023-02-25 08:14:55,TRUE
359,Story,How are you?,9,all,2023-02-25 22:10:39,TRUE
360,Message,I'm sorry.,428,823,2023-02-25 16:02:46,true
361,Story,No problem.,462,all,2023-02-25 00:06:35,TRUE
362,Story,I'm sorry.,674,all,2023-02-25 20:21:26,TRUE
363,Message,Let's go.,527,793,2023-02-25 04:59:05,false
364,Message,I'm sorry.,758,863,2023-02-25 19:34:12,true
365,Message,Have a good day.,132,146,2023-02-25 08:30:06,false
366,Story,Thank you.,357,all,2023-02-25 16:07:51,TRUE
367,Message,How's it going?,533,690,2023-02-25 22:42:23,true
368,Message,How's it going?,222,666,2023-02-25 20:56:34,false
369,Message,Let's go.,325,980,2023-02-25 10:24:28,true
370,Message,Have a good day.,113,457,2023-02-25 16:40:16,false
371,Message,Thank you.,244,876,2023-02-25 03:38:56,false
372,Story,How's it going?,335,all,2023-02-25 16:57:57,TRUE
373,Message,Let's go.,628,588,2023-02-25 18:56:50,false
374,Story,How are you?,618,all,2023-02-25 15:24:19,TRUE
375,Message,No problem.,223,214,2023-02-25 17:29:10,false
376,Message,See you.,384,228,2023-02-25 19:07:57,false
377,Message,Nice to meet you.,370,452,2023-02-25 20:12:20,true
378,Message,How are you?,816,208,2023-02-25 17:00:58,true
379,Message,How's it going?,772,164,2023-02-25 05:06:35,false
380,Message,I'm sorry.,995,467,2023-02-25 01:34:00,true
381,Message,Let's go.,612,535,2023-02-25 04:51:05,false
382,Message,No problem.,306,388,2023-02-25 08:37:54,true
383,Story,How's it going?,247,all,2023-02-25 02:09:54,TRUE
384,Message,Have a good day.,375,845,2023-02-25 13:48:44,false
385,Story,Have a good day.,823,all,2023-02-25 10:58:04,TRUE
386,Story,Have a good day.,798,all,2023-02-25 20:10:15,TRUE
387,Story,Have a good day.,254,all,2023-02-25 06:34:04,TRUE
388,Story,Thank you.,4,all,2023-02-25 16:46:59,TRUE
389,Story,Thank you.,311,all,2023-02-25 23:46:17,TRUE
390,Message,Thank you.,816,767,2023-02-25 21:25:17,true
391,Story,No problem.,816,all,2023-02-25 11:10:52,TRUE
392,Message,No problem.,72,579,2023-02-25 05:54:22,true
393,Message,Thank you.,835,542,2023-02-25 05:32:22,true
394,Story,Let's go.,112,all,2023-02-25 15:27:21,TRUE
395,Message,Have a good day.,889,209,2023-02-25 23:23:12,true
396,Message,I'm sorry.,291,778,2023-02-25 11:19:10,true
397,Message,How are you?,400,929,2023-02-25 06:15:42,true
398,Message,How are you?,326,657,2023-02-25 09:20:01,false
399,Story,How are you?,877,all,2023-02-25 08:07:55,TRUE
400,Message,Let's go.,413,252,2023-02-25 22:55:00,true
401,Message,See you.,179,245,2023-02-25 06:06:09,false
402,Message,How's it going?,102,481,2023-02-25 22:43:05,true
403,Message,No problem.,106,215,2023-02-25 03:09:01,false
404,Story,No problem.,628,all,2023-02-25 23:04:27,TRUE
405,Message,See you.,951,78,2023-02-25 13:39:42,true
406,Message,Have a good day.,439,868,2023-02-25 10:09:56,true
407,Message,Thank you.,793,955,2023-02-25 23:19:19,false
408,Story,Have a good day.,332,all,2023-02-25 00:42:29,TRUE
409,Story,See you.,289,all,2023-02-25 10:35:54,TRUE
410,Story,Thank you.,534,all,2023-02-25 10:22:53,TRUE
411,Story,No problem.,37,all,2023-02-25 10:18:14,TRUE
412,Message,Nice to meet you.,884,984,2023-02-25 07:02:07,true
413,Story,I'm sorry.,51,all,2023-02-25 11:15:09,TRUE
414,Message,No problem.,117,659,2023-02-25 16:18:36,false
415,Story,How's it going?,596,all,2023-02-25 21:42:30,TRUE
416,Message,See you.,99,655,2023-02-25 17:42:24,true
417,Story,Let's go.,395,all,2023-02-25 05:05:33,TRUE
418,Story,How are you?,203,all,2023-02-25 16:07:39,TRUE
419,Message,Let's go.,194,566,2023-02-25 03:38:06,false
420,Story,See you.,381,all,2023-02-25 08:29:20,TRUE
421,Story,See you.,614,all,2023-02-25 02:53:45,TRUE
422,Story,How are you?,582,all,2023-02-25 21:21:59,TRUE
423,Story,How are you?,518,all,2023-02-25 06:51:17,TRUE
424,Message,How's it going?,282,65,2023-02-25 06:33:50,false
425,Story,Let's go.,879,all,2023-02-25 23:33:03,TRUE
426,Message,No problem.,261,12,2023-02-25 15:48:18,true
427,Story,Nice to meet you.,191,all,2023-02-25 10:37:36,TRUE
428,Message,Have a good day.,567,684,2023-02-25 17:14:33,true
429,Story,I'm sorry.,596,all,2023-02-25 21:56:30,TRUE
430,Message,See you.,720,926,2023-02-25 06:09:52,true
431,Message,No problem.,489,627,2023-02-25 05:04:27,false
432,Story,How are you?,321,all,2023-02-25 13:23:26,TRUE
433,Story,Have a good day.,939,all,2023-02-25 23:08:15,TRUE
434,Message,Let's go.,831,269,2023-02-25 15:13:51,false
435,Message,Let's go.,293,818,2023-02-25 14:22:28,false
436,Story,How are you?,243,all,2023-02-25 07:22:53,TRUE
437,Story,Nice to meet you.,769,all,2023-02-25 23:16:02,TRUE
438,Message,Have a good day.,526,177,2023-02-25 12:43:46,true
439,Story,Have a good day.,914,all,2023-02-25 17:21:21,TRUE
440,Message,I'm sorry.,565,795,2023-02-25 04:04:12,true
441,Story,Let's go.,736,all,2023-02-25 05:23:17,TRUE
442,Story,Have a good day.,383,all,2023-02-25 18:34:34,TRUE
443,Story,How are you?,530,all,2023-02-25 19:30:53,TRUE
444,Story,How are you?,730,all,2023-02-25 05:19:35,TRUE
445,Message,No problem.,950,624,2023-02-25 19:11:06,false
446,Message,How are you?,90,349,2023-02-25 19:35:41,true
447,Story,Nice to meet you.,153,all,2023-02-25 09:19:45,TRUE
448,Story,I'm sorry.,755,all,2023-02-25 12:39:22,TRUE
449,Message,How are you?,196,12,2023-02-25 22:26:26,true
450,Message,Thank you.,622,260,2023-02-25 20:32:57,false
451,Message,How are you?,432,785,2023-02-25 08:11:16,true
452,Story,Thank you.,99,all,2023-02-25 19:44:15,TRUE
453,Message,Thank you.,398,801,2023-02-25 18:43:24,true
454,Message,Let's go.,382,169,2023-02-25 00:54:52,true
455,Story,No problem.,15,all,2023-02-25 23:12:37,TRUE
456,Story,I'm sorry.,67,all,2023-02-25 04:15:08,TRUE
457,Message,Nice to meet you.,488,761,2023-02-25 11:29:53,false
458,Story,See you.,552,all,2023-02-25 02:24:08,TRUE
459,Story,No problem.,392,all,2023-02-25 15:32:37,TRUE
460,Story,No problem.,761,all,2023-02-25 17:02:25,TRUE
461,Message,How's it going?,1000,755,2023-02-25 22:36:07,false
462,Story,See you.,222,all,2023-02-25 17:06:54,TRUE
463,Story,How are you?,340,all,2023-02-25 06:52:20,TRUE
464,Message,See you.,181,756,2023-02-25 21:27:16,false
465,Message,Nice to meet you.,298,603,2023-02-25 21:04:18,false
466,Message,I'm sorry.,699,487,2023-02-25 13:23:13,false
467,Message,Let's go.,411,825,2023-02-25 17:27:42,true
468,Story,I'm sorry.,402,all,2023-02-25 10:23:43,TRUE
469,Story,How's it going?,414,all,2023-02-25 10:12:24,TRUE
470,Message,How's it going?,506,663,2023-02-25 16:10:49,false
471,Story,How are you?,737,all,2023-02-25 04:03:47,TRUE
472,Story,Thank you.,73,all,2023-02-25 04:11:06,TRUE
473,Story,Thank you.,18,all,2023-02-25 13:30:53,TRUE
474,Story,See you.,712,all,2023-02-25 23:35:09,TRUE
475,Message,Thank you.,11,443,2023-02-25 21:33:29,true
476,Story,How's it going?,280,all,2023-02-25 21:48:52,TRUE
477,Message,Let's go.,730,315,2023-02-25 13:07:18,false
478,Story,How are you?,883,all,2023-02-25 17:47:45,TRUE
479,Story,No problem.,195,all,2023-02-25 21:34:00,TRUE
480,Story,Thank you.,466,all,2023-02-25 23:00:57,TRUE
481,Message,See you.,229,752,2023-02-25 11:05:19,false
482,Message,How are you?,502,380,2023-02-25 13:44:52,false
483,Message,How's it going?,872,810,2023-02-25 05:22:57,true
484,Message,How's it going?,655,670,2023-02-25 23:10:15,false
485,Message,How are you?,470,140,2023-02-25 05:58:31,false
486,Story,How are you?,732,all,2023-02-25 17:06:50,TRUE
487,Story,Nice to meet you.,149,all,2023-02-25 23:22:52,TRUE
488,Message,How's it going?,764,246,2023-02-25 22:08:15,true
489,Message,Let's go.,898,895,2023-02-25 16:12:21,false
490,Message,Let's go.,226,984,2023-02-25 02:21:38,false
491,Message,How are you?,887,847,2023-02-25 03:41:31,true
492,Message,No problem.,744,299,2023-02-25 08:19:53,true
493,Story,See you.,908,all,2023-02-25 02:42:43,TRUE
494,Message,Nice to meet you.,615,722,2023-02-25 09:57:24,true
495,Story,How's it going?,291,all,2023-02-25 13:19:48,TRUE
496,Message,Nice to meet you.,459,210,2023-02-25 06:26:46,false
497,Message,How's it going?,774,321,2023-02-25 14:44:30,false
498,Story,See you.,482,all,2023-02-25 16:04:18,TRUE
499,Message,I'm sorry.,512,679,2023-02-25 02:13:26,true
500,Message,See you.,82,538,2023-02-25 11:08:41,false
501,Story,I'm sorry.,640,all,2023-02-25 12:19:08,TRUE
502,Story,Let's go.,5,all,2023-02-25 22:55:06,TRUE
503,Message,No problem.,618,625,2023-02-25 04:32:34,true
504,Message,I'm sorry.,640,446,2023-02-25 07:45:12,true
505,Message,See you.,306,239,2023-02-25 07:29:51,true
506,Story,See you.,607,all,2023-02-25 05:17:00,TRUE
507,Story,No problem.,360,all,2023-02-25 09:45:45,TRUE
508,Story,Have a good day.,607,all,2023-02-25 20:36:24,TRUE
509,Story,I'm sorry.,548,all,2023-02-25 06:43:19,TRUE
510,Story,See you.,531,all,2023-02-25 12:10:52,TRUE
511,Message,Thank you.,246,215,2023-02-25 09:47:53,false
512,Message,See you.,720,150,2023-02-25 20:37:34,false
513,Message,Have a good day.,501,48,2023-02-25 04:29:06,false
514,Message,Have a good day.,943,250,2023-02-25 15:03:32,true
515,Story,Thank you.,944,all,2023-02-25 11:07:30,TRUE
516,Message,See you.,898,963,2023-02-25 20:05:45,false
517,Message,How are you?,754,60,2023-02-25 11:11:38,false
518,Story,No problem.,13,all,2023-02-25 17:20:31,TRUE
519,Story,Nice to meet you.,341,all,2023-02-25 21:43:09,TRUE
520,Message,I'm sorry.,612,542,2023-02-25 23:19:47,true
521,Story,How's it going?,924,all,2023-02-25 04:36:29,TRUE
522,Message,No problem.,762,800,2023-02-25 19:18:42,true
523,Message,Thank you.,730,852,2023-02-25 11:55:51,false
524,Message,Let's go.,638,475,2023-02-25 19:16:54,false
525,Story,Let's go.,959,all,2023-02-25 00:53:55,TRUE
526,Story,Nice to meet you.,277,all,2023-02-25 10:04:34,TRUE
527,Message,Let's go.,689,846,2023-02-25 16:42:51,true
528,Message,How's it going?,440,909,2023-02-25 09:23:02,true
529,Message,See you.,661,344,2023-02-25 22:09:48,true
530,Story,No problem.,493,all,2023-02-25 09:17:35,TRUE
531,Story,How are you?,194,all,2023-02-25 15:47:39,TRUE
532,Message,Thank you.,688,263,2023-02-25 11:09:16,true
533,Story,Let's go.,703,all,2023-02-25 22:31:19,TRUE
534,Story,No problem.,881,all,2023-02-25 03:14:42,TRUE
535,Message,Have a good day.,593,228,2023-02-25 12:59:57,false
536,Story,No problem.,134,all,2023-02-25 23:43:50,TRUE
537,Story,How's it going?,797,all,2023-02-25 20:55:56,TRUE
538,Story,No problem.,448,all,2023-02-25 14:31:06,TRUE
539,Message,How are you?,939,732,2023-02-25 23:06:30,false
540,Message,Have a good day.,18,216,2023-02-25 18:05:26,true
541,Story,Have a good day.,668,all,2023-02-25 08:38:19,TRUE
542,Message,Nice to meet you.,687,646,2023-02-25 06:08:52,true
543,Message,Thank you.,671,247,2023-02-25 01:01:52,false
544,Message,No problem.,54,945,2023-02-25 22:59:27,true
545,Story,Have a good day.,86,all,2023-02-25 04:20:03,TRUE
546,Message,Nice to meet you.,989,24,2023-02-25 03:02:37,false
547,Message,How are you?,992,946,2023-02-25 21:36:56,false
548,Story,Thank you.,71,all,2023-02-25 15:47:42,TRUE
549,Message,How's it going?,592,704,2023-02-25 19:39:13,true
550,Message,I'm sorry.,388,264,2023-02-25 22:19:11,true
551,Message,How are you?,427,414,2023-02-25 17:51:32,true
552,Story,Let's go.,959,all,2023-02-25 09:11:35,TRUE
553,Story,See you.,545,all,2023-02-25 13:02:09,TRUE
554,Story,How's it going?,871,all,2023-02-25 04:25:20,TRUE
555,Story,How's it going?,504,all,2023-02-25 00:15:46,TRUE
556,Message,See you.,195,639,2023-02-25 13:17:16,false
557,Story,Have a good day.,206,all,2023-02-25 00:55:57,TRUE
558,Story,Have a good day.,367,all,2023-02-25 07:52:29,TRUE
559,Message,I'm sorry.,361,813,2023-02-25 01:11:26,false
560,Story,Have a good day.,352,all,2023-02-25 12:29:34,TRUE
561,Message,How's it going?,462,106,2023-02-25 12:54:18,false
562,Message,Thank you.,859,976,2023-02-25 08:25:11,true
563,Message,Nice to meet you.,33,361,2023-02-25 21:20:15,false
564,Message,Nice to meet you.,354,228,2023-02-25 09:35:53,true
565,Story,How are you?,83,all,2023-02-25 07:41:13,TRUE
566,Story,How are you?,948,all,2023-02-25 06:12:07,TRUE
567,Message,Have a good day.,573,892,2023-02-25 03:15:57,false
568,Story,How's it going?,188,all,2023-02-25 00:22:53,TRUE
569,Story,No problem.,509,all,2023-02-25 02:29:38,TRUE
570,Story,How are you?,17,all,2023-02-25 13:44:35,TRUE
571,Message,How are you?,92,717,2023-02-25 05:05:09,true
572,Story,How are you?,549,all,2023-02-25 09:48:27,TRUE
573,Message,Let's go.,403,854,2023-02-25 06:32:14,false
574,Message,How are you?,631,673,2023-02-25 15:52:44,false
575,Message,How's it going?,935,268,2023-02-25 14:42:00,false
576,Story,See you.,678,all,2023-02-25 07:02:41,TRUE
577,Story,See you.,904,all,2023-02-25 03:20:57,TRUE
578,Message,Let's go.,134,293,2023-02-25 03:49:21,true
579,Story,Nice to meet you.,334,all,2023-02-25 00:46:54,TRUE
580,Story,How's it going?,97,all,2023-02-25 19:14:08,TRUE
581,Message,How's it going?,117,812,2023-02-25 16:35:37,true
582,Story,Have a good day.,61,all,2023-02-25 00:26:25,TRUE
583,Message,No problem.,1,924,2023-02-25 14:03:54,false
584,Message,I'm sorry.,630,696,2023-02-25 17:19:55,true
585,Story,Have a good day.,458,all,2023-02-25 01:40:37,TRUE
586,Story,Nice to meet you.,678,all,2023-02-25 07:56:31,TRUE
587,Message,Let's go.,511,247,2023-02-25 17:22:41,false
588,Story,Let's go.,716,all,2023-02-25 16:20:19,TRUE
589,Story,How's it going?,767,all,2023-02-25 22:53:12,TRUE
590,Message,Let's go.,113,292,2023-02-25 23:52:31,true
591,Message,How's it going?,988,111,2023-02-25 12:52:38,true
592,Story,How's it going?,470,all,2023-02-25 21:54:01,TRUE
593,Message,Thank you.,462,941,2023-02-25 01:06:37,false
594,Message,Let's go.,783,90,2023-02-25 02:42:43,false
595,Message,How's it going?,636,725,2023-02-25 05:49:51,true
596,Story,I'm sorry.,106,all,2023-02-25 06:37:49,TRUE
597,Message,Let's go.,216,197,2023-02-25 14:37:17,false
598,Message,I'm sorry.,126,516,2023-02-25 23:00:44,false
599,Message,Nice to meet you.,374,475,2023-02-25 00:09:00,true
600,Story,Let's go.,170,all,2023-02-25 13:02:30,TRUE
601,Message,See you.,972,501,2023-02-25 11:50:33,true
602,Message,Let's go.,495,911,2023-02-25 11:14:06,true
603,Message,Nice to meet you.,838,20,2023-02-25 01:24:17,false
604,Message,Have a good day.,588,152,2023-02-25 14:08:45,false
605,Message,Have a good day.,269,299,2023-02-25 16:57:59,true
606,Story,Let's go.,109,all,2023-02-25 15:10:07,TRUE
607,Message,How's it going?,785,459,2023-02-25 06:05:56,false
608,Message,How are you?,34,354,2023-02-25 18:03:41,false
609,Story,How are you?,654,all,2023-02-25 09:05:23,TRUE
610,Message,How's it going?,868,334,2023-02-25 05:36:39,false
611,Message,How's it going?,527,212,2023-02-25 03:48:11,true
612,Story,How's it going?,449,all,2023-02-25 22:56:15,TRUE
613,Message,How's it going?,882,386,2023-02-25 06:25:43,true
614,Message,Nice to meet you.,895,489,2023-02-25 18:34:25,true
615,Message,How's it going?,897,952,2023-02-25 03:23:11,false
616,Story,See you.,864,all,2023-02-25 23:39:14,TRUE
617,Story,How are you?,458,all,2023-02-25 08:32:24,TRUE
618,Message,How are you?,876,626,2023-02-25 22:31:27,false
619,Story,Nice to meet you.,680,all,2023-02-25 00:11:10,TRUE
620,Story,See you.,377,all,2023-02-25 20:28:03,TRUE
621,Message,How are you?,425,415,2023-02-25 07:26:40,false
622,Story,I'm sorry.,972,all,2023-02-25 07:08:04,TRUE
623,Story,No problem.,294,all,2023-02-25 21:08:42,TRUE
624,Story,No problem.,710,all,2023-02-25 10:21:34,TRUE
625,Message,How are you?,347,414,2023-02-25 07:24:50,false
626,Message,How are you?,386,940,2023-02-25 16:23:59,false
627,Message,Have a good day.,244,890,2023-02-25 16:51:23,true
628,Story,See you.,428,all,2023-02-25 15:32:57,TRUE
629,Story,How's it going?,957,all,2023-02-25 11:04:43,TRUE
630,Message,No problem.,137,972,2023-02-25 18:41:19,true
631,Message,I'm sorry.,988,853,2023-02-25 11:55:34,false
632,Story,Have a good day.,117,all,2023-02-25 17:19:28,TRUE
633,Message,How's it going?,634,975,2023-02-25 00:35:26,false
634,Message,Let's go.,68,416,2023-02-25 04:22:50,true
635,Story,How are you?,681,all,2023-02-25 07:03:30,TRUE
636,Story,Thank you.,876,all,2023-02-25 06:16:18,TRUE
637,Story,Nice to meet you.,729,all,2023-02-25 09:18:18,TRUE
638,Story,Let's go.,173,all,2023-02-25 21:40:22,TRUE
639,Message,Let's go.,35,920,2023-02-25 16:38:17,true
640,Story,Let's go.,597,all,2023-02-25 08:34:10,TRUE
641,Message,How are you?,599,179,2023-02-25 05:43:54,true
642,Message,Nice to meet you.,160,860,2023-02-25 01:05:55,false
643,Story,How are you?,344,all,2023-02-25 17:01:19,TRUE
644,Story,Nice to meet you.,846,all,2023-02-25 18:30:59,TRUE
645,Story,Nice to meet you.,813,all,2023-02-25 08:58:48,TRUE
646,Message,How's it going?,262,672,2023-02-25 00:20:19,false
647,Story,Let's go.,472,all,2023-02-25 19:31:24,TRUE
648,Message,See you.,630,811,2023-02-25 14:14:15,false
649,Message,Have a good day.,785,176,2023-02-25 20:09:01,true
650,Story,See you.,963,all,2023-02-25 13:05:18,TRUE
651,Message,How's it going?,394,532,2023-02-25 10:53:48,true
652,Story,Have a good day.,526,all,2023-02-25 22:06:13,TRUE
653,Story,Nice to meet you.,386,all,2023-02-25 01:15:37,TRUE
654,Message,Thank you.,344,675,2023-02-25 20:44:42,false
655,Story,Nice to meet you.,286,all,2023-02-25 04:53:05,TRUE
656,Message,Let's go.,469,976,2023-02-25 13:52:24,false
657,Story,Let's go.,61,all,2023-02-25 21:29:42,TRUE
658,Story,Thank you.,99,all,2023-02-25 23:03:47,TRUE
659,Story,No problem.,940,all,2023-02-25 11:19:12,TRUE
660,Message,No problem.,458,980,2023-02-25 06:10:31,false
661,Story,How's it going?,208,all,2023-02-25 06:55:11,TRUE
662,Story,No problem.,955,all,2023-02-25 03:30:24,TRUE
663,Story,See you.,630,all,2023-02-25 22:15:10,TRUE
664,Message,Thank you.,169,452,2023-02-25 09:56:43,true
665,Message,Let's go.,868,601,2023-02-25 18:38:56,false
666,Story,Nice to meet you.,877,all,2023-02-25 06:57:45,TRUE
667,Message,How are you?,439,802,2023-02-25 09:26:07,true
668,Story,How's it going?,357,all,2023-02-25 12:24:00,TRUE
669,Message,How's it going?,151,213,2023-02-25 17:25:31,false
670,Story,See you.,441,all,2023-02-25 03:24:14,TRUE
671,Story,Let's go.,933,all,2023-02-25 19:04:43,TRUE
672,Message,How are you?,912,706,2023-02-25 02:01:40,false
673,Story,I'm sorry.,550,all,2023-02-25 04:10:20,TRUE
674,Message,Let's go.,905,95,2023-02-25 18:01:18,false
675,Story,I'm sorry.,738,all,2023-02-25 16:17:44,TRUE
676,Story,How's it going?,986,all,2023-02-25 07:42:52,TRUE
677,Message,I'm sorry.,375,884,2023-02-25 18:40:44,true
678,Message,See you.,595,416,2023-02-25 13:24:04,false
679,Story,Thank you.,706,all,2023-02-25 15:26:19,TRUE
680,Message,No problem.,408,373,2023-02-25 01:15:57,false
681,Message,How are you?,63,625,2023-02-25 01:15:13,false
682,Story,I'm sorry.,494,all,2023-02-25 14:59:50,TRUE
683,Message,Let's go.,118,292,2023-02-25 17:45:04,false
684,Story,See you.,97,all,2023-02-25 21:42:10,TRUE
685,Story,I'm sorry.,101,all,2023-02-25 08:01:48,TRUE
686,Story,Thank you.,915,all,2023-02-25 06:53:40,TRUE
687,Message,Have a good day.,676,633,2023-02-25 14:57:07,true
688,Message,I'm sorry.,575,71,2023-02-25 18:57:12,true
689,Story,Nice to meet you.,711,all,2023-02-25 17:24:51,TRUE
690,Story,How are you?,827,all,2023-02-25 05:40:12,TRUE
691,Story,Nice to meet you.,238,all,2023-02-25 07:38:42,TRUE
692,Story,See you.,156,all,2023-02-25 02:07:59,TRUE
693,Message,How's it going?,142,176,2023-02-25 20:38:24,false
694,Message,Thank you.,141,887,2023-02-25 03:45:47,false
695,Story,How's it going?,316,all,2023-02-25 15:24:14,TRUE
696,Story,Nice to meet you.,703,all,2023-02-25 22:00:55,TRUE
697,Story,See you.,78,all,2023-02-25 11:40:33,TRUE
698,Message,How's it going?,453,43,2023-02-25 04:48:15,false
699,Message,Nice to meet you.,727,145,2023-02-25 22:05:51,false
700,Story,No problem.,61,all,2023-02-25 01:48:06,TRUE
701,Story,No problem.,650,all,2023-02-25 22:52:44,TRUE
702,Message,Let's go.,685,142,2023-02-25 18:14:29,true
703,Story,I'm sorry.,904,all,2023-02-25 09:57:26,TRUE
704,Story,How are you?,877,all,2023-02-25 01:07:18,TRUE
705,Story,No problem.,914,all,2023-02-25 09:38:20,TRUE
706,Message,Nice to meet you.,131,730,2023-02-25 14:32:13,true
707,Story,See you.,353,all,2023-02-25 16:44:01,TRUE
708,Message,How's it going?,959,979,2023-02-25 12:16:41,true
709,Story,See you.,194,all,2023-02-25 00:42:46,TRUE
710,Message,How are you?,381,394,2023-02-25 14:50:36,true
711,Story,Have a good day.,550,all,2023-02-25 12:06:44,TRUE
712,Message,See you.,907,533,2023-02-25 12:35:16,true
713,Message,I'm sorry.,462,682,2023-02-25 13:21:30,false
714,Story,How's it going?,650,all,2023-02-25 20:42:53,TRUE
715,Story,Nice to meet you.,728,all,2023-02-25 07:59:56,TRUE
716,Message,No problem.,902,566,2023-02-25 11:41:52,true
717,Message,Nice to meet you.,66,664,2023-02-25 15:41:57,false
718,Message,Let's go.,180,812,2023-02-25 22:39:23,true
719,Story,Thank you.,60,all,2023-02-25 12:13:46,TRUE
720,Message,I'm sorry.,473,658,2023-02-25 15:42:00,true
721,Story,How are you?,648,all,2023-02-25 02:04:31,TRUE
722,Message,Let's go.,71,159,2023-02-25 04:59:26,true
723,Story,Let's go.,713,all,2023-02-25 11:33:29,TRUE
724,Story,Let's go.,38,all,2023-02-25 06:31:06,TRUE
725,Story,Thank you.,969,all,2023-02-25 12:28:16,TRUE
726,Story,Nice to meet you.,730,all,2023-02-25 07:34:30,TRUE
727,Message,Let's go.,886,612,2023-02-25 10:34:50,false
728,Message,Nice to meet you.,655,912,2023-02-25 06:12:28,false
729,Message,I'm sorry.,788,876,2023-02-25 01:48:32,false
730,Message,Let's go.,329,838,2023-02-25 17:33:56,false
731,Message,No problem.,761,467,2023-02-25 17:38:36,true
732,Story,See you.,584,all,2023-02-25 18:35:06,TRUE
733,Message,Nice to meet you.,182,468,2023-02-25 00:01:50,false
734,Story,How's it going?,318,all,2023-02-25 15:50:40,TRUE
735,Message,Have a good day.,226,39,2023-02-25 18:39:23,false
736,Story,How are you?,935,all,2023-02-25 09:02:05,TRUE
737,Message,How are you?,400,51,2023-02-25 05:57:04,false
738,Message,Nice to meet you.,178,944,2023-02-25 01:01:12,false
739,Story,Let's go.,555,all,2023-02-25 02:54:37,TRUE
740,Message,How's it going?,90,241,2023-02-25 20:47:30,false
741,Story,How are you?,961,all,2023-02-25 08:59:48,TRUE
742,Story,No problem.,103,all,2023-02-25 05:28:52,TRUE
743,Story,I'm sorry.,3,all,2023-02-25 09:43:13,TRUE
744,Message,No problem.,650,711,2023-02-25 04:06:40,false
745,Message,Thank you.,238,607,2023-02-25 02:43:47,false
746,Message,See you.,505,233,2023-02-25 18:02:57,true
747,Story,I'm sorry.,962,all,2023-02-25 21:48:03,TRUE
748,Message,Nice to meet you.,195,990,2023-02-25 13:30:40,true
749,Story,Nice to meet you.,451,all,2023-02-25 05:06:46,TRUE
750,Story,How's it going?,893,all,2023-02-25 16:41:33,TRUE
751,Message,Have a good day.,85,234,2023-02-25 14:24:05,false
752,Story,Thank you.,498,all,2023-02-25 11:27:50,TRUE
753,Story,Nice to meet you.,454,all,2023-02-25 12:21:02,TRUE
754,Story,See you.,212,all,2023-02-25 10:41:29,TRUE
755,Message,Have a good day.,736,461,2023-02-25 14:37:07,true
756,Message,Have a good day.,563,15,2023-02-25 18:59:55,true
757,Story,I'm sorry.,816,all,2023-02-25 17:26:23,TRUE
758,Story,How are you?,181,all,2023-02-25 14:53:58,TRUE
759,Story,Have a good day.,724,all,2023-02-25 20:59:41,TRUE
760,Message,Have a good day.,315,258,2023-02-25 21:35:38,false
761,Story,No problem.,189,all,2023-02-25 09:09:09,TRUE
762,Story,How are you?,16,all,2023-02-25 02:52:50,TRUE
763,Story,See you.,143,all,2023-02-25 12:07:41,TRUE
764,Message,How are you?,101,259,2023-02-25 22:53:13,false
765,Message,How are you?,661,232,2023-02-25 17:20:58,true
766,Story,Nice to meet you.,201,all,2023-02-25 16:41:37,TRUE
767,Story,See you.,905,all,2023-02-25 12:00:26,TRUE
768,Message,Nice to meet you.,674,273,2023-02-25 23:47:04,false
769,Message,Nice to meet you.,292,796,2023-02-25 05:34:59,false
770,Message,See you.,632,127,2023-02-25 04:49:33,true
771,Message,Let's go.,283,949,2023-02-25 02:28:41,false
772,Message,See you.,279,85,2023-02-25 04:26:27,true
773,Story,How are you?,128,all,2023-02-25 19:48:21,TRUE
774,Message,I'm sorry.,773,476,2023-02-25 10:32:46,false
775,Message,Thank you.,497,902,2023-02-25 19:30:13,false
776,Message,How are you?,986,239,2023-02-25 18:40:01,false
777,Message,I'm sorry.,595,90,2023-02-25 11:29:21,false
778,Message,See you.,678,87,2023-02-25 15:05:37,true
779,Story,Thank you.,71,all,2023-02-25 16:53:59,TRUE
780,Message,No problem.,256,894,2023-02-25 14:43:36,true
781,Story,Let's go.,862,all,2023-02-25 23:23:45,TRUE
782,Story,No problem.,167,all,2023-02-25 07:12:04,TRUE
783,Message,How's it going?,482,703,2023-02-25 10:50:33,false
784,Story,Nice to meet you.,557,all,2023-02-25 21:47:28,TRUE
785,Story,No problem.,794,all,2023-02-25 20:59:22,TRUE
786,Story,How's it going?,204,all,2023-02-25 00:45:17,TRUE
787,Message,Let's go.,613,192,2023-02-25 02:49:05,false
788,Message,See you.,519,159,2023-02-25 01:26:09,false
789,Story,How's it going?,334,all,2023-02-25 15:56:18,TRUE
790,Message,I'm sorry.,468,55,2023-02-25 23:03:15,true
791,Story,Nice to meet you.,739,all,2023-02-25 02:44:42,TRUE
792,Story,Thank you.,767,all,2023-02-25 18:17:18,TRUE
793,Message,I'm sorry.,52,237,2023-02-25 10:34:50,true
794,Story,Nice to meet you.,316,all,2023-02-25 17:11:51,TRUE
795,Story,Let's go.,789,all,2023-02-25 17:32:09,TRUE
796,Story,Let's go.,786,all,2023-02-25 17:40:22,TRUE
797,Story,How are you?,639,all,2023-02-25 18:21:39,TRUE
798,Story,Have a good day.,331,all,2023-02-25 16:27:26,TRUE
799,Message,Thank you.,899,469,2023-02-25 04:42:11,false
800,Message,No problem.,266,322,2023-02-25 00:01:44,false
801,Message,Let's go.,301,458,2023-02-25 04:03:14,true
802,Story,Thank you.,588,all,2023-02-25 10:51:33,TRUE
803,Story,I'm sorry.,420,all,2023-02-25 10:44:12,TRUE
804,Story,Have a good day.,563,all,2023-02-25 02:33:05,TRUE
805,Message,Let's go.,838,269,2023-02-25 02:45:25,false
806,Message,Have a good day.,238,549,2023-02-25 19:09:06,true
807,Message,How's it going?,663,461,2023-02-25 22:53:48,false
808,Story,Thank you.,439,all,2023-02-25 01:10:47,TRUE
809,Message,No problem.,310,623,2023-02-25 05:16:43,true
810,Story,Nice to meet you.,84,all,2023-02-25 23:02:33,TRUE
811,Message,How are you?,652,465,2023-02-25 13:27:54,true
812,Story,No problem.,447,all,2023-02-25 17:32:13,TRUE
813,Story,See you.,884,all,2023-02-25 05:18:38,TRUE
814,Message,See you.,645,967,2023-02-25 01:02:35,false
815,Story,Have a good day.,297,all,2023-02-25 23:47:28,TRUE
816,Story,No problem.,723,all,2023-02-25 23:18:17,TRUE
817,Message,How are you?,822,197,2023-02-25 16:11:21,false
818,Story,How are you?,78,all,2023-02-25 17:14:33,TRUE
819,Story,No problem.,208,all,2023-02-25 22:25:29,TRUE
820,Story,No problem.,975,all,2023-02-25 13:51:39,TRUE
821,Story,Let's go.,41,all,2023-02-25 08:28:56,TRUE
822,Message,See you.,379,380,2023-02-25 16:15:53,false
823,Story,Nice to meet you.,120,all,2023-02-25 05:04:03,TRUE
824,Message,How's it going?,169,193,2023-02-25 09:28:29,false
825,Message,No problem.,286,678,2023-02-25 04:59:13,false
826,Message,See you.,985,845,2023-02-25 02:59:50,false
827,Message,Let's go.,191,607,2023-02-25 05:52:04,true
828,Story,Nice to meet you.,985,all,2023-02-25 09:24:57,TRUE
829,Message,How are you?,52,545,2023-02-25 23:40:14,true
830,Message,No problem.,48,885,2023-02-25 15:27:52,false
831,Story,Let's go.,90,all,2023-02-25 17:59:16,TRUE
832,Message,How are you?,925,707,2023-02-25 19:08:06,false
833,Story,Have a good day.,404,all,2023-02-25 11:06:21,TRUE
834,Message,Nice to meet you.,366,211,2023-02-25 06:55:45,true
835,Story,How are you?,782,all,2023-02-25 00:36:51,TRUE
836,Message,No problem.,152,783,2023-02-25 04:10:45,true
837,Story,How are you?,190,all,2023-02-25 13:11:24,TRUE
838,Message,Nice to meet you.,196,994,2023-02-25 23:32:39,false
839,Story,How's it going?,850,all,2023-02-25 10:22:31,TRUE
840,Message,Thank you.,561,30,2023-02-25 12:02:09,false
841,Message,Have a good day.,269,450,2023-02-25 07:05:50,true
842,Message,Thank you.,988,907,2023-02-25 19:41:27,false
843,Message,Nice to meet you.,537,331,2023-02-25 02:18:06,false
844,Story,Thank you.,188,all,2023-02-25 11:20:22,TRUE
845,Story,I'm sorry.,562,all,2023-02-25 02:00:05,TRUE
846,Message,How's it going?,361,57,2023-02-25 12:45:11,true
847,Message,Let's go.,223,504,2023-02-25 13:28:22,false
848,Story,I'm sorry.,909,all,2023-02-25 15:45:36,TRUE
849,Story,Thank you.,669,all,2023-02-25 04:55:04,TRUE
850,Story,See you.,435,all,2023-02-25 08:27:59,TRUE
851,Message,Thank you.,894,559,2023-02-25 20:39:46,true
852,Story,See you.,261,all,2023-02-25 17:35:21,TRUE
853,Message,Have a good day.,208,119,2023-02-25 18:35:46,false
854,Story,Have a good day.,635,all,2023-02-25 06:12:59,TRUE
855,Story,No problem.,617,all,2023-02-25 00:17:47,TRUE
856,Message,Have a good day.,201,238,2023-02-25 10:28:15,true
857,Story,See you.,582,all,2023-02-25 06:23:24,TRUE
858,Message,How are you?,503,831,2023-02-25 15:54:30,false
859,Message,I'm sorry.,632,821,2023-02-25 02:46:36,false
860,Message,Thank you.,631,239,2023-02-25 13:40:55,true
861,Story,Have a good day.,44,all,2023-02-25 16:17:08,TRUE
862,Message,Have a good day.,686,165,2023-02-25 10:09:24,false
863,Story,How's it going?,787,all,2023-02-25 08:33:22,TRUE
864,Story,How are you?,456,all,2023-02-25 22:10:58,TRUE
865,Story,No problem.,400,all,2023-02-25 04:10:02,TRUE
866,Message,Thank you.,176,822,2023-02-25 16:32:16,false
867,Message,Let's go.,265,384,2023-02-25 04:26:30,true
868,Story,Have a good day.,983,all,2023-02-25 17:10:03,TRUE
869,Story,No problem.,881,all,2023-02-25 19:32:02,TRUE
870,Story,Nice to meet you.,918,all,2023-02-25 11:40:19,TRUE
871,Message,How are you?,21,797,2023-02-25 08:21:16,false
872,Story,How's it going?,537,all,2023-02-25 18:05:47,TRUE
873,Message,No problem.,30,432,2023-02-25 02:15:33,false
874,Story,How are you?,275,all,2023-02-25 04:21:03,TRUE
875,Story,Thank you.,134,all,2023-02-25 10:26:51,TRUE
876,Message,How are you?,545,407,2023-02-25 14:25:07,false
877,Story,See you.,359,all,2023-02-25 00:06:45,TRUE
878,Message,Thank you.,687,697,2023-02-25 05:39:34,false
879,Message,I'm sorry.,771,847,2023-02-25 16:14:51,false
880,Message,No problem.,102,132,2023-02-25 03:32:50,true
881,Message,I'm sorry.,942,77,2023-02-25 23:26:47,false
882,Message,How's it going?,295,880,2023-02-25 04:35:44,true
883,Story,Thank you.,520,all,2023-02-25 14:49:14,TRUE
884,Message,Have a good day.,494,829,2023-02-25 21:03:46,false
885,Story,Have a good day.,883,all,2023-02-25 01:38:13,TRUE
886,Story,No problem.,383,all,2023-02-25 12:04:10,TRUE
887,Story,No problem.,611,all,2023-02-25 18:21:42,TRUE
888,Story,Let's go.,346,all,2023-02-25 19:48:34,TRUE
889,Story,Nice to meet you.,513,all,2023-02-25 22:29:08,TRUE
890,Message,Thank you.,743,999,2023-02-25 01:01:33,true
891,Story,No problem.,910,all,2023-02-25 19:24:11,TRUE
892,Message,How's it going?,325,757,2023-02-25 04:50:46,false
893,Story,How's it going?,423,all,2023-02-25 08:51:43,TRUE
894,Story,How's it going?,789,all,2023-02-25 10:23:34,TRUE
895,Message,How's it going?,46,316,2023-02-25 11:53:44,false
896,Message,I'm sorry.,417,305,2023-02-25 16:09:32,false
897,Story,Have a good day.,610,all,2023-02-25 02:35:04,TRUE
898,Story,No problem.,416,all,2023-02-25 12:37:02,TRUE
899,Message,No problem.,526,734,2023-02-25 06:35:19,false
900,Story,See you.,763,all,2023-02-25 05:57:03,TRUE
901,Message,Let's go.,30,766,2023-02-25 15:51:14,false
902,Story,Let's go.,347,all,2023-02-25 10:24:51,TRUE
903,Message,No problem.,375,885,2023-02-25 09:56:46,false
904,Story,How are you?,167,all,2023-02-25 17:22:30,TRUE
905,Message,See you.,491,746,2023-02-25 01:08:42,false
906,Message,Thank you.,122,259,2023-02-25 00:07:01,false
907,Message,No problem.,373,87,2023-02-25 12:09:03,false
908,Story,See you.,155,all,2023-02-25 00:58:48,TRUE
909,Story,How are you?,254,all,2023-02-25 14:19:16,TRUE
910,Message,Have a good day.,551,507,2023-02-25 09:49:01,false
911,Story,Have a good day.,114,all,2023-02-25 15:42:54,TRUE
912,Message,Let's go.,591,355,2023-02-25 00:38:49,true
913,Message,Let's go.,912,440,2023-02-25 15:34:48,false
914,Message,See you.,917,186,2023-02-25 20:28:54,true
915,Message,Thank you.,264,426,2023-02-25 08:18:51,true
916,Story,See you.,483,all,2023-02-25 01:09:02,TRUE
917,Message,See you.,433,697,2023-02-25 20:44:16,true
918,Message,Thank you.,242,920,2023-02-25 00:03:28,true
919,Message,I'm sorry.,501,503,2023-02-25 03:23:24,true
920,Message,How's it going?,894,737,2023-02-25 06:37:15,false
921,Message,Let's go.,534,128,2023-02-25 19:04:44,false
922,Story,How's it going?,643,all,2023-02-25 10:41:00,TRUE
923,Message,How are you?,265,207,2023-02-25 19:23:42,true
924,Message,See you.,897,844,2023-02-25 02:08:53,false
925,Message,Have a good day.,407,382,2023-02-25 00:48:32,false
926,Message,How are you?,929,959,2023-02-25 01:00:31,true
927,Message,I'm sorry.,275,473,2023-02-25 02:27:10,true
928,Message,Nice to meet you.,398,202,2023-02-25 03:36:13,true
929,Story,Let's go.,124,all,2023-02-25 09:39:58,TRUE
930,Story,Thank you.,134,all,2023-02-25 13:15:43,TRUE
931,Message,Nice to meet you.,563,986,2023-02-25 15:40:26,true
932,Message,Let's go.,599,307,2023-02-25 02:35:51,false
933,Message,How's it going?,177,879,2023-02-25 00:51:25,true
934,Message,Have a good day.,870,841,2023-02-25 11:53:01,false
935,Story,Have a good day.,238,all,2023-02-25 07:32:45,TRUE
936,Story,Nice to meet you.,313,all,2023-02-25 13:41:05,TRUE
937,Message,Thank you.,188,802,2023-02-25 15:39:42,true
938,Message,No problem.,630,711,2023-02-25 02:12:21,true
939,Message,Thank you.,946,118,2023-02-25 12:19:07,false
940,Story,Have a good day.,539,all,2023-02-25 00:06:42,TRUE
941,Story,No problem.,953,all,2023-02-25 15:21:23,TRUE
942,Story,No problem.,854,all,2023-02-25 11:15:41,TRUE
943,Message,Thank you.,749,250,2023-02-25 07:08:27,false
944,Story,Have a good day.,46,all,2023-02-25 22:36:35,TRUE
945,Story,Thank you.,679,all,2023-02-25 00:03:23,TRUE
946,Message,No problem.,890,685,2023-02-25 18:27:41,true
947,Message,How are you?,721,901,2023-02-25 15:43:50,false
948,Message,Have a good day.,935,900,2023-02-25 20:59:26,false
949,Message,Have a good day.,488,479,2023-02-25 16:43:12,false
950,Message,Thank you.,283,836,2023-02-25 05:45:15,true
951,Message,No problem.,762,516,2023-02-25 23:53:30,false
952,Story,Have a good day.,23,all,2023-02-25 06:38:27,TRUE
953,Message,No problem.,138,147,2023-02-25 20:05:19,false
954,Story,Have a good day.,629,all,2023-02-25 03:22:21,TRUE
955,Message,See you.,516,532,2023-02-25 15:30:29,true
956,Message,Nice to meet you.,390,19,2023-02-25 13:31:45,false
957,Message,I'm sorry.,30,465,2023-02-25 07:02:47,false
958,Message,How's it going?,677,877,2023-02-25 18:56:37,true
959,Story,How are you?,893,all,2023-02-25 05:04:39,TRUE
960,Story,Have a good day.,432,all,2023-02-25 09:18:48,TRUE
961,Story,See you.,587,all,2023-02-25 07:37:08,TRUE
962,Message,I'm sorry.,607,780,2023-02-25 06:52:58,false
963,Message,How's it going?,36,810,2023-02-25 11:18:13,false
964,Story,Let's go.,333,all,2023-02-25 00:54:33,TRUE
965,Story,Have a good day.,353,all,2023-02-25 02:43:47,TRUE
966,Message,How are you?,970,320,2023-02-25 14:40:39,true
967,Story,How's it going?,647,all,2023-02-25 12:20:24,TRUE
968,Story,I'm sorry.,350,all,2023-02-25 13:22:09,TRUE
969,Story,I'm sorry.,90,all,2023-02-25 01:20:55,TRUE
970,Message,Let's go.,84,580,2023-02-25 00:21:07,false
971,Story,I'm sorry.,512,all,2023-02-25 10:06:54,TRUE
972,Story,I'm sorry.,619,all,2023-02-25 04:37:49,TRUE
973,Story,How's it going?,572,all,2023-02-25 17:16:32,TRUE
974,Story,Let's go.,135,all,2023-02-25 00:11:11,TRUE
975,Message,Have a good day.,472,232,2023-02-25 11:18:53,false
976,Message,See you.,242,987,2023-02-25 14:41:22,false
977,Message,I'm sorry.,927,287,2023-02-25 02:06:04,false
978,Story,See you.,728,all,2023-02-25 17:41:23,TRUE
979,Message,Nice to meet you.,748,681,2023-02-25 08:12:00,false
980,Story,How are you?,747,all,2023-02-25 02:26:58,TRUE
981,Story,How's it going?,545,all,2023-02-25 19:40:55,TRUE
982,Story,Nice to meet you.,368,all,2023-02-25 05:17:24,TRUE
983,Story,Thank you.,154,all,2023-02-25 18:36:14,TRUE
984,Message,How's it going?,560,900,2023-02-25 07:48:31,false
985,Message,See you.,623,687,2023-02-25 02:09:00,false
986,Story,See you.,303,all,2023-02-25 06:33:16,TRUE
987,Message,Have a good day.,294,45,2023-02-25 21:10:49,true
988,Message,No problem.,469,177,2023-02-25 11:24:23,false
989,Message,Nice to meet you.,386,802,2023-02-25 11:55:18,false
990,Message,Nice to meet you.,48,930,2023-02-25 07:14:11,false
991,Message,Have a good day.,474,418,2023-02-25 17:16:06,true
992,Message,Thank you.,924,740,2023-02-25 23:13:15,true
993,Story,See you.,29,all,2023-02-25 04:54:09,TRUE
994,Message,See you.,830,596,2023-02-25 17:21:28,false
995,Story,Thank you.,114,all,2023-02-25 11:54:16,TRUE
996,Message,Let's go.,726,838,2023-02-25 19:12:52,true
997,Story,No problem.,931,all,2023-02-25 10:11:24,TRUE
998,Message,No problem.,865,805,2023-02-25 10:17:29,true
999,Message,Thank you.,814,105,2023-02-25 09:21:43,false
1000,Message,Have a good day.,453,783,2023-02-25 20:35:13,false
